<?xml version="1.0" encoding="utf-8" ?>
<dwsync>
<file name="connect-lists-through-tabs.html" server="ftp.enthalpy.mx/eventos/" local="130470827694791322" remote="130471959000000000" Dst="2" />
<file name="connect-lists.html" server="ftp.enthalpy.mx/eventos/" local="130470827694991448" remote="130471959000000000" Dst="2" />
<file name="default.html" server="ftp.enthalpy.mx/eventos/" local="130470827695081477" remote="130471959000000000" Dst="2" />
<file name="delay-start.html" server="ftp.enthalpy.mx/eventos/" local="130470827695491754" remote="130471959000000000" Dst="2" />
<file name="display-grid.html" server="ftp.enthalpy.mx/eventos/" local="130470827695571834" remote="130471959000000000" Dst="2" />
<file name="empty-lists.html" server="ftp.enthalpy.mx/eventos/" local="130470827695661864" remote="130471959000000000" Dst="2" />
<file name="index.html" server="ftp.enthalpy.mx/eventos/" local="130470827695801957" remote="130471959000000000" Dst="2" />
<file name="items.html" server="ftp.enthalpy.mx/eventos/" local="130470827696052127" remote="130471959000000000" Dst="2" />
<file name="placeholder.html" server="ftp.enthalpy.mx/eventos/" local="130470827696142190" remote="130471959000000000" Dst="2" />
<file name="portlets.html" server="ftp.enthalpy.mx/eventos/" local="130470827696372367" remote="130471959000000000" Dst="2" />
</dwsync>