<?xml version="1.0" encoding="utf-8" ?>
<dwsync>
<file name="jquery.ui.accordion.min.js" server="ftp.enthalpy.mx/eventos/" local="130470827788593701" remote="130471959600000000" Dst="2" />
<file name="jquery.ui.autocomplete.min.js" server="ftp.enthalpy.mx/eventos/" local="130470827789104031" remote="130471959600000000" Dst="2" />
<file name="jquery.ui.button.min.js" server="ftp.enthalpy.mx/eventos/" local="130470827789254161" remote="130471959600000000" Dst="2" />
<file name="jquery.ui.core.min.js" server="ftp.enthalpy.mx/eventos/" local="130470827789594360" remote="130471959600000000" Dst="2" />
<file name="jquery-ui.custom.min.js" server="ftp.enthalpy.mx/eventos/" local="130470827788353528" remote="130471959600000000" Dst="2" />
<file name="jquery.ui.dialog.min.js" server="ftp.enthalpy.mx/eventos/" local="130470827790144723" remote="130471959600000000" Dst="2" />
<file name="jquery.ui.datepicker.min.js" server="ftp.enthalpy.mx/eventos/" local="130470827789914566" remote="130471959600000000" Dst="2" />
<file name="jquery.ui.droppable.min.js" server="ftp.enthalpy.mx/eventos/" local="130470827790524976" remote="130471959600000000" Dst="2" />
<file name="jquery.ui.draggable.min.js" server="ftp.enthalpy.mx/eventos/" local="130470827790424916" remote="130471959600000000" Dst="2" />
<file name="jquery.ui.effect-blind.min.js" server="ftp.enthalpy.mx/eventos/" local="130470827790605029" remote="130471959600000000" Dst="2" />
<file name="jquery.ui.effect-bounce.min.js" server="ftp.enthalpy.mx/eventos/" local="130470827790715133" remote="130471959600000000" Dst="2" />
<file name="jquery.ui.effect-clip.min.js" server="ftp.enthalpy.mx/eventos/" local="130470827790805197" remote="130471959600000000" Dst="2" />
<file name="jquery.ui.effect-drop.min.js" server="ftp.enthalpy.mx/eventos/" local="130470827790895219" remote="130471959600000000" Dst="2" />
<file name="jquery.ui.effect-explode.min.js" server="ftp.enthalpy.mx/eventos/" local="130470827791205436" remote="130471959600000000" Dst="2" />
<file name="jquery.ui.effect-fade.min.js" server="ftp.enthalpy.mx/eventos/" local="130470827791275486" remote="130471959600000000" Dst="2" />
<file name="jquery.ui.effect-fold.min.js" server="ftp.enthalpy.mx/eventos/" local="130470827791365542" remote="130471959600000000" Dst="2" />
<file name="jquery.ui.effect-highlight.min.js" server="ftp.enthalpy.mx/eventos/" local="130470827791615705" remote="130471959600000000" Dst="2" />
<file name="jquery.ui.effect-pulsate.min.js" server="ftp.enthalpy.mx/eventos/" local="130470827791815838" remote="130471959600000000" Dst="2" />
<file name="jquery.ui.effect-scale.min.js" server="ftp.enthalpy.mx/eventos/" local="130470827792035985" remote="130471959600000000" Dst="2" />
<file name="jquery.ui.effect-shake.min.js" server="ftp.enthalpy.mx/eventos/" local="130470827792126041" remote="130471959600000000" Dst="2" />
<file name="jquery.ui.effect-slide.min.js" server="ftp.enthalpy.mx/eventos/" local="130470827792216098" remote="130471959600000000" Dst="2" />
<file name="jquery.ui.effect-transfer.min.js" server="ftp.enthalpy.mx/eventos/" local="130470827792406234" remote="130471959600000000" Dst="2" />
<file name="jquery.ui.effect.min.js" server="ftp.enthalpy.mx/eventos/" local="130470827792686414" remote="130471959600000000" Dst="2" />
<file name="jquery.ui.menu.min.js" server="ftp.enthalpy.mx/eventos/" local="130470827792766467" remote="130471959600000000" Dst="2" />
<file name="jquery.ui.mouse.min.js" server="ftp.enthalpy.mx/eventos/" local="130470827792876544" remote="130471959600000000" Dst="2" />
<file name="jquery.ui.position.min.js" server="ftp.enthalpy.mx/eventos/" local="130470827793216791" remote="130471959600000000" Dst="2" />
<file name="jquery.ui.progressbar.min.js" server="ftp.enthalpy.mx/eventos/" local="130470827793296823" remote="130471959600000000" Dst="2" />
<file name="jquery.ui.resizable.min.js" server="ftp.enthalpy.mx/eventos/" local="130470827793677070" remote="130471959600000000" Dst="2" />
<file name="jquery.ui.selectable.min.js" server="ftp.enthalpy.mx/eventos/" local="130470827793767153" remote="130471959600000000" Dst="2" />
<file name="jquery.ui.sortable.min.js" server="ftp.enthalpy.mx/eventos/" local="130470827794137396" remote="130471959600000000" Dst="2" />
<file name="jquery.ui.widget.min.js" server="ftp.enthalpy.mx/eventos/" local="130470827794557697" remote="130471959600000000" Dst="2" />
</dwsync>